﻿Team,Tm,Latitude,Longitude
Washington Wizards,WAS,47.7511,-120.7401
Utah Jazz,UTA,39.321,-111.0937
Toronto Raptors,TOR,43.6532,-79.3832
San Antonio Spurs,SAS,29.4241,-98.4936
Sacramento Kings,SAC,38.5816,-121.4944
Portland Trail Blazers,POR,45.5051,-122.675
Phoenix Suns,PHO,33.4484,-112.074
Philadelphia 76ers,PHI,39.9526,-75.1652
Orlando Magic,ORL,28.5383,-81.3792
Oklahoma City Thunder,OKC,35.0078,-97.0929
New York Knicks,NYK,40.7128,-74.006
New Orleans Pelicans,NOP,29.9511,-90.0715
Minnesota Timberwolves,MIN,46.7269,-94.6859
Milwaukee Bucks,MIL,43.0389,-87.9065
Miami Heat,MIA,25.7617,-80.1918
Memphis Grizzlies,MEM,35.1495,-90.049
Los Angeles Lakers,LAL,36.0522,-120.2437
Los Angeles Clippers,LAC,34.0522,-118.2437
Indiana Pacers,IND,40.2672,-86.1349
Houston Rockets,HOU,29.7604,-95.3698
Golden State Warriors,GSW,37.7749,-122.4194
Detroit Pistons,DET,42.3314,-83.0458
Denver Nuggets,DEN,39.7392,-104.9903
Dallas Mavericks,DAL,32.7767,-96.797
Cleveland Cavaliers,CLE,41.4993,-81.6944
Chicago Bulls,CHI,41.8781,-87.6298
Charlotte Hornets,CHO,35.2271,-80.8431
Brooklyn Nets,BRK,40.6782,-73.9442
Boston Celtics,BOS,42.3601,-71.0589
Atlanta Hawks,ATL,33.749,-84.388
